solution   1,  584,                    9.851,                    4.739,
solution   2,  590,                    3.236,                    8.901,
solution   3,  594,                    0.746,                   11.365,
solution   4,  592,                    1.945,                   10.178,
solution   5,  588,                    2.296,                    9.827,
solution   6,  591,                    1.692,                   10.420,
solution   7,  594,                    0.479,                   11.624,
solution   8,  591,                    1.968,                   10.157,
solution   9,  589,                    0.747,                   11.362,
solution  10,  594,                    1.175,                   10.922,
solution  11,  592,                    1.752,                   10.350,
solution  12,  591,                    2.146,                    9.968,
solution  13,  579,                    9.730,                    4.872,
solution  14,  591,                    1.236,                   10.863,
solution  15,  595,                    0.517,                   11.581,
solution  16,  590,                    1.572,                   10.532,
solution  17,  589,                    3.359,                    8.751,
solution  18,  585,                    3.479,                    8.660,
solution  19,  591,                    0.865,                   11.241,
solution  20,  591,                    2.185,                    9.917,
solution  21,  594,                    0.693,                   11.405,
solution  22,  592,                    0.586,                   11.518,
solution  23,  594,                    1.362,                   10.747,
solution  24,  592,                    1.642,                   10.475,
solution  25,  593,                    1.819,                   10.301,
solution  26,  595,                    1.115,                   10.981,
solution  27,  592,                    2.135,                    9.980,
solution  28,  596,                    0.142,                   11.951,
solution  29,  593,                    1.307,                   10.793,
solution  30,  595,                    1.862,                   10.261,
solution  31,  595,                    1.487,                   10.624,
solution  32,  594,                    0.822,                   11.267,
solution  33,  593,                    0.109,                   11.982,
solution  34,  593,                    1.011,                   11.089,
solution  35,  595,                    0.426,                   11.667,
solution  36,  594,                    2.321,                    9.792,
solution  37,  595,                    0.355,                   11.745,
solution  38,  592,                    1.481,                   10.624,
solution  39,  593,                    1.390,                   10.708,
solution  40,  595,                    0.157,                   11.939,
solution  41,  589,                    0.590,                   11.513,
solution  42,  598,                    0.175,                   11.913,
solution  43,  587,                    2.318,                    9.811,
solution  44,  594,                    2.825,                    9.303,
solution  45,  586,                   16.127,                    1.955,
solution  46,  590,                    1.703,                   10.407,
solution  47,  595,                    0.886,                   11.209,
solution  48,  595,                    0.271,                   11.823,
solution  49,  593,                    0.556,                   11.538,
solution  50,  595,                    0.147,                   11.939,
solution  51,  589,                    2.164,                    9.951,
solution  52,  597,                    0.961,                   11.137,
solution  53,  594,                    2.343,                    9.761,
solution  54,  592,                    1.251,                   10.843,
solution  55,  590,                    0.341,                   11.758,
solution  56,  593,                    2.101,                   10.003,
solution  57,  593,                    1.488,                   10.608,
solution  58,  595,                    0.343,                   11.753,
solution  59,  593,                    0.481,                   11.618,
solution  60,  590,                    0.911,                   11.190,
solution  61,  592,                    1.155,                   10.948,
solution  62,  594,                    0.638,                   11.461,
solution  63,  595,                    0.475,                   11.629,
solution  64,  590,                    0.922,                   11.185,
solution  65,  591,                    2.929,                    9.198,
solution  66,  591,                    0.328,                   11.770,
solution  67,  593,                    1.558,                   10.545,
solution  68,  593,                    2.339,                    9.773,
solution  69,  595,                    0.872,                   11.223,
solution  70,  592,                    1.550,                   10.558,
solution  71,  591,                    2.147,                    9.964,
solution  72,  593,                    1.286,                   10.803,
solution  73,  590,                    1.248,                   10.851,
solution  74,  588,                    2.360,                    9.752,
solution  75,  588,                    2.588,                    9.541,
solution  76,  591,                    1.207,                   10.902,
solution  77,  596,                    0.263,                   11.833,
solution  78,  592,                    1.194,                   10.916,
solution  79,  589,                    0.370,                   11.731,
solution  80,  594,                    1.574,                   10.521,
solution  81,  591,                    0.342,                   11.755,
solution  82,  591,                    0.935,                   11.163,
solution  83,  588,                    2.523,                    9.604,
solution  84,  592,                    1.901,                   10.202,
solution  85,  593,                    0.651,                   11.453,
solution  86,  592,                    1.321,                   10.783,
solution  87,  592,                    0.326,                   11.773,
solution  88,  596,                    0.202,                   11.891,
solution  89,  590,                    0.478,                   11.628,
solution  90,  593,                    1.986,                   10.132,
solution  91,  592,                    1.452,                   10.647,
solution  92,  592,                    0.614,                   11.490,
solution  93,  590,                    0.803,                   11.299,
solution  94,  594,                    0.106,                   11.994,
solution  95,  588,                    1.332,                   10.772,
solution  96,  591,                    1.370,                   10.729,
solution  97,  587,                    1.383,                   10.724,
solution  98,  592,                    1.510,                   10.600,
solution  99,  590,                    2.373,                    9.739,
solution 100,  594,                    0.551,                   11.544,
solution 101,  590,                    0.291,                   11.801,
solution 102,  593,                    0.768,                   11.332,
solution 103,  592,                    0.171,                   11.925,
solution 104,  590,                    0.754,                   11.339,
solution 105,  593,                    1.910,                   10.189,
solution 106,  590,                    1.651,                   10.455,
solution 107,  589,                    2.608,                    9.505,
solution 108,  589,                    2.167,                    9.942,
solution 109,  594,                    0.967,                   11.131,
solution 110,  595,                    0.924,                   11.184,
solution 111,  594,                    1.399,                   10.698,
solution 112,  593,                    0.675,                   11.424,
solution 113,  589,                    0.819,                   11.284,
solution 114,  595,                    1.524,                   10.578,
solution 115,  592,                    0.944,                   11.160,
solution 116,  592,                    2.235,                    9.868,
solution 117,  594,                    0.320,                   11.778,
solution 118,  593,                    1.659,                   10.434,
solution 119,  592,                    1.828,                   10.264,
solution 120,  593,                    1.809,                   10.305,
solution 121,  587,                    1.281,                   10.826,
solution 122,  591,                    1.231,                   10.873,
solution 123,  594,                    0.790,                   11.300,
solution 124,  593,                    1.422,                   10.680,
solution 125,  591,                    2.052,                   10.056,
solution 126,  591,                    0.415,                   11.681,
solution 127,  593,                    1.699,                   10.411,
solution 128,  590,                    1.019,                   11.088,
solution 129,  592,                    0.640,                   11.454,
solution 130,  589,                    1.199,                   10.912,
solution 131,  597,                    0.266,                   11.828,
solution 132,  597,                    1.836,                   10.262,
solution 133,  591,                    2.006,                   10.102,
solution 134,  595,                    1.614,                   10.481,
solution 135,  598,                    1.916,                   10.180,
solution 136,  591,                    0.593,                   11.511,
solution 137,  597,                    0.321,                   11.776,
solution 138,  600,                    0.489,                   11.608,
solution 139,  591,                    0.848,                   11.253,
solution 140,  593,                    0.438,                   11.653,
solution 141,  592,                    0.356,                   11.742,
solution 142,  596,                    0.107,                   11.985,
solution 143,  596,                    0.411,                   11.681,
solution 144,  593,                    0.458,                   11.632,
solution 145,  593,                    1.069,                   11.026,
solution 146,  593,                    1.673,                   10.426,
solution 147,  593,                    0.133,                   11.970,
solution 148,  593,                    0.207,                   11.881,
solution 149,  591,                    1.202,                   10.904,
solution 150,  594,                    0.241,                   11.846,
solution 151,  593,                    0.671,                   11.428,
solution 152,  592,                    1.089,                   11.008,
solution 153,  592,                    0.897,                   11.199,
solution 154,  589,                    0.879,                   11.221,
solution 155,  596,                    0.652,                   11.444,
solution 156,  593,                    0.721,                   11.380,
solution 157,  593,                    2.269,                    9.834,
solution 158,  596,                    1.525,                   10.560,
solution 159,  596,                    1.166,                   10.927,
solution 160,  591,                    0.442,                   11.652,
solution 161,  595,                    0.825,                   11.267,
solution 162,  590,                    0.330,                   11.764,
solution 163,  593,                    1.222,                   10.875,
solution 164,  593,                    0.970,                   11.130,
solution 165,  592,                    0.763,                   11.338,
solution 166,  592,                    1.110,                   10.984,
solution 167,  596,                    0.424,                   11.674,
solution 168,  591,                    1.151,                   10.952,
solution 169,  596,                    1.050,                   11.053,
solution 170,  591,                    0.501,                   11.593,
solution 171,  591,                    0.504,                   11.588,
solution 172,  590,                    2.701,                    9.430,
solution 173,  595,                    1.002,                   11.089,
solution 174,  593,                    0.699,                   11.399,
solution 175,  587,                    1.798,                   10.310,
solution 176,  594,                    1.130,                   10.963,
solution 177,  592,                    0.376,                   11.717,
solution 178,  596,                    1.267,                   10.834,
solution 179,  593,                    0.622,                   11.487,
solution 180,  593,                    0.594,                   11.499,
solution 181,  592,                    1.360,                   10.748,
solution 182,  592,                    0.871,                   11.231,
solution 183,  591,                    1.725,                   10.390,
solution 184,  593,                    2.389,                    9.709,
solution 185,  590,                    0.660,                   11.433,
solution 186,  590,                    1.294,                   10.802,
solution 187,  592,                    0.852,                   11.242,
solution 188,  594,                    0.388,                   11.702,
solution 189,  593,                    2.091,                   10.011,
solution 190,  593,                    0.052,                   12.038,
solution 191,  591,                    0.382,                   11.711,
solution 192,  593,                    1.054,                   11.038,
solution 193,  593,                    0.235,                   11.856,
solution 194,  590,                    0.950,                   11.147,
solution 195,  593,                    0.348,                   11.747,
solution 196,  595,                    0.305,                   11.782,
solution 197,  593,                    0.367,                   11.733,
solution 198,  592,                    0.673,                   11.424,
solution 199,  591,                    1.882,                   10.221,
solution 200,  593,                    0.452,                   11.641,
solution 201,  590,                    0.962,                   11.136,
solution 202,  595,                    0.261,                   11.836,
solution 203,  591,                    1.021,                   11.075,
solution 204,  595,                    0.947,                   11.156,
solution 205,  589,                    0.894,                   11.208,
solution 206,  595,                    0.185,                   11.901,
solution 207,  595,                    0.447,                   11.643,
solution 208,  595,                    0.213,                   11.871,
solution 209,  592,                    0.706,                   11.383,
solution 210,  591,                    2.552,                    9.546,
solution 211,  588,                    0.774,                   11.322,
solution 212,  593,                    0.727,                   11.366,
solution 213,  590,                    0.564,                   11.536,
solution 214,  592,                    3.509,                    8.627,
solution 215,  594,                    0.934,                   11.165,
solution 216,  591,                    1.729,                   10.374,
solution 217,  592,                    0.680,                   11.408,
solution 218,  596,                    0.371,                   11.728,
solution 219,  590,                    1.682,                   10.424,
solution 220,  590,                    0.396,                   11.696,
solution 221,  588,                    1.585,                   10.518,
solution 222,  596,                    1.761,                   10.343,
solution 223,  588,                    0.785,                   11.313,
solution 224,  590,                    0.973,                   11.130,
solution 225,  595,                    0.216,                   11.870,
solution 226,  590,                    1.440,                   10.661,
solution 227,  585,                    9.891,                    4.713,
solution 228,  591,                    0.195,                   11.894,
solution 229,  590,                    1.863,                   10.246,
solution 230,  593,                    0.906,                   11.194,
solution 231,  594,                    0.319,                   11.778,
solution 232,  593,                    1.031,                   11.069,
solution 233,  594,                    0.703,                   11.396,
solution 234,  594,                    0.136,                   11.956,
solution 235,  593,                    0.522,                   11.564,
solution 236,  594,                    0.204,                   11.883,
solution 237,  593,                    0.283,                   11.808,
solution 238,  591,                    2.756,                    9.374,
solution 239,  592,                    0.837,                   11.256,
solution 240,  593,                    0.174,                   11.918,
solution 241,  596,                    1.708,                   10.392,
solution 242,  593,                    0.406,                   11.689,
solution 243,  594,                    2.019,                   10.078,
solution 244,  596,                    0.058,                   12.029,
solution 245,  593,                    0.724,                   11.377,
solution 246,  595,                    0.282,                   11.811,
solution 247,  593,                    0.139,                   11.954,
solution 248,  594,                    2.226,                    9.872,
solution 249,  592,                    0.161,                   11.929,
solution 250,  593,                    1.341,                   10.750,
solution 251,  594,                    0.279,                   11.821,
solution 252,  589,                    1.145,                   10.954,
solution 253,  593,                    0.269,                   11.827,
solution 254,  591,                    1.157,                   10.938,
solution 255,  594,                    1.077,                   11.010,
solution 256,  590,                    0.576,                   11.518,
solution 257,  592,                    0.749,                   11.341,
solution 258,  591,                    1.977,                   10.149,
solution 259,  592,                    0.806,                   11.289,
solution 260,  593,                    9.572,                    4.896,
solution 261,  595,                    0.980,                   11.110,
solution 262,  592,                    0.925,                   11.177,
solution 263,  591,                    0.095,                   12.000,
solution 264,  593,                    0.251,                   11.845,
solution 265,  591,                    0.096,                   11.997,
solution 266,  592,                    0.446,                   11.651,
solution 267,  593,                    0.380,                   11.717,
solution 268,  593,                    0.683,                   11.406,
solution 269,  592,                    0.606,                   11.497,
solution 270,  593,                    0.510,                   11.584,
solution 271,  595,                    0.112,                   11.976,
solution 272,  595,                    0.987,                   11.100,
solution 273,  592,                    0.182,                   11.913,
solution 274,  592,                    1.424,                   10.672,
solution 275,  595,                    0.566,                   11.529,
solution 276,  594,                    1.034,                   11.057,
solution 277,  590,                    0.679,                   11.421,
solution 278,  587,                    9.734,                    4.787,
solution 279,  591,                    1.827,                   10.275,
solution 280,  593,                    0.084,                   12.003,
solution 281,  592,                    1.097,                   11.001,
solution 282,  591,                    0.656,                   11.442,
solution 283,  589,                    0.616,                   11.488,
solution 284,  595,                    0.299,                   11.794,
solution 285,  592,                    1.232,                   10.866,
solution 286,  589,                    1.605,                   10.491,
solution 287,  591,                    2.203,                    9.898,
solution 288,  589,                    8.978,                    5.177,
solution 289,  593,                    0.364,                   11.734,
solution 290,  592,                    0.239,                   11.851,
solution 291,  590,                    0.927,                   11.171,
solution 292,  594,                    0.549,                   11.548,
solution 293,  591,                    0.264,                   11.831,
solution 294,  591,                    1.471,                   10.633,
solution 295,  590,                    3.505,                    8.630,
solution 296,  592,                    0.077,                   12.013,
solution 297,  595,                    0.025,                   12.060,
solution 298,  594,                    0.538,                   11.553,
solution 299,  594,                    0.199,                   11.893,
solution 300,  593,                    0.766,                   11.332,
solution 301,  594,                    0.623,                   11.461,
solution 302,  593,                    2.640,                    9.492,
solution 303,  592,                    0.233,                   11.859,
solution 304,  589,                    0.230,                   11.869,
solution 305,  590,                    0.231,                   11.863,
solution 306,  588,                    1.218,                   10.878,
solution 307,  592,                    3.084,                    9.054,
solution 308,  593,                    3.046,                    9.086,
solution 309,  594,                    2.720,                    9.412,
solution 310,  596,                    2.942,                    9.186,
solution 311,  590,                    2.670,                    9.459,
solution 312,  590,                    3.241,                    8.894,
solution 313,  595,                    1.947,                   10.177,
solution 314,  594,                    2.587,                    9.544,
solution 315,  595,                    3.205,                    8.925,
solution 316,  592,                    2.500,                    9.626,
solution 317,  588,                    8.995,                    5.158,
solution 318,  596,                    3.096,                    9.028,
solution 319,  592,                    2.721,                    9.409,
solution 320,  591,                    3.168,                    8.961,
solution 321,  593,                    2.798,                    9.327,
solution 322,  592,                    3.553,                    8.579,
solution 323,  592,                    2.509,                    9.621,
solution 324,  592,                    1.957,                   10.169,
solution 325,  594,                    1.974,                   10.153,
solution 326,  592,                    2.731,                    9.399,
solution 327,  593,                    3.793,                    8.339,
solution 328,  592,                    2.780,                    9.350,
solution 329,  588,                   16.125,                    1.967,
solution 330,  590,                    2.907,                    9.225,
solution 331,  591,                    3.334,                    8.798,
solution 332,  594,                    3.135,                    9.001,
solution 333,  593,                    2.593,                    9.535,
solution 334,  593,                    3.237,                    8.895,
solution 335,  588,                    3.588,                    8.549,
solution 336,  594,                    2.633,                    9.498,
solution 337,  591,                   16.149,                    1.941,
solution 338,  586,                    8.293,                    5.293,
solution 339,  593,                    8.929,                    5.215,
solution 340,  598,                    2.435,                    9.692,
solution 341,  588,                    8.882,                    5.254,
solution 342,  593,                    2.894,                    9.234,
solution 343,  593,                    1.797,                   10.326,
solution 344,  595,                    3.156,                    8.978,
solution 345,  591,                   16.176,                    1.914,
solution 346,  591,                    8.998,                    5.141,
solution 347,  595,                    1.962,                   10.158,
solution 348,  594,                    1.786,                   10.341,
solution 349,  588,                    9.731,                    4.872,
solution 350,  591,                   16.192,                    1.898,
solution 351,  595,                    3.024,                    9.102,
solution 352,  590,                   16.140,                    1.952,
solution 353,  589,                    9.823,                    4.752,
solution 354,  592,                    3.061,                    9.065,
solution 355,  596,                    2.503,                    9.622,
solution 356,  592,                    3.089,                    9.048,
solution 357,  595,                    3.036,                    9.095,
solution 358,  593,                   16.205,                    1.884,
solution 359,  591,                    2.916,                    9.216,
solution 360,  593,                   16.236,                    1.856,
solution 361,  595,                    2.841,                    9.285,
solution 362,  594,                    2.946,                    9.183,
solution 363,  595,                    1.795,                   10.329,
solution 364,  595,                    2.832,                    9.298,
solution 365,  594,                    2.833,                    9.296,
solution 366,  593,                    2.517,                    9.607,
solution 367,  594,                    2.133,                    9.994,
solution 368,  596,                    2.848,                    9.281,
solution 369,  596,                    1.787,                   10.337,
solution 370,  596,                    2.605,                    9.521,
solution 371,  592,                    3.269,                    8.867,
solution 372,  592,                    8.895,                    5.249,
solution 373,  594,                   16.161,                    1.927,
solution 374,  590,                   16.253,                    1.837,
solution 375,  592,                   16.145,                    1.945,
solution 376,  591,                   16.259,                    1.830,
solution 377,  596,                    2.722,                    9.401,
solution 378,  594,                    3.164,                    8.963,
solution 379,  591,                   16.180,                    1.909,
solution 380,  598,                    3.803,                    8.327,
solution 381,  590,                   16.216,                    1.873,
solution 382,  590,                   16.142,                    1.948,
solution 383,  595,                    8.952,                    5.209,
solution 384,  597,                    2.050,                   10.075,
solution 385,  596,                    2.304,                    9.821,
solution 386,  593,                   16.185,                    1.906,
solution 387,  589,                   16.124,                    1.967,
solution 388,  591,                   16.170,                    1.920,
solution 389,  595,                    1.826,                   10.300,
solution 390,  596,                    2.479,                    9.646,
solution 391,  590,                   16.171,                    1.920,
solution 392,  595,                    2.693,                    9.442,
solution 393,  598,                    2.307,                    9.814,
solution 394,  592,                   16.123,                    1.968,
solution 395,  590,                   16.156,                    1.935,
solution 396,  591,                   16.209,                    1.882,
solution 397,  594,                    3.200,                    8.926,
solution 398,  596,                    2.651,                    9.470,
solution 399,  594,                    2.085,                   10.041,
solution 400,  590,                   16.173,                    1.919,
solution 401,  590,                   16.228,                    1.862,
solution 402,  595,                    3.618,                    8.509,
solution 403,  590,                   16.217,                    1.873,
solution 404,  587,                   16.203,                    1.888,
solution 405,  590,                   16.226,                    1.865,
solution 406,  594,                    2.628,                    9.498,
solution 407,  591,                   16.220,                    1.869,
solution 408,  592,                    4.116,                    8.018,
solution 409,  592,                   16.134,                    1.953,
solution 410,  599,                    3.176,                    8.952,
solution 411,  594,                    2.864,                    9.265,
solution 412,  594,                    2.908,                    9.224,
solution 413,  596,                    1.951,                   10.170,
solution 414,  597,                    2.538,                    9.590,
solution 415,  597,                    2.474,                    9.655,
solution 416,  591,                   16.144,                    1.947,
solution 417,  597,                    2.830,                    9.301,
solution 418,  590,                   16.121,                    1.970,
solution 419,  593,                   16.229,                    1.859,
solution 420,  596,                    2.442,                    9.687,
solution 421,  594,                    2.124,                   10.002,
solution 422,  591,                   16.159,                    1.930,
solution 423,  597,                    1.823,                   10.300,
solution 424,  595,                    2.595,                    9.534,
solution 425,  597,                    3.242,                    8.887,
solution 426,  596,                    3.211,                    8.920,
solution 427,  586,                   10.001,                    4.528,
solution 428,  597,                    2.427,                    9.702,
solution 429,  591,                   16.126,                    1.965,
solution 430,  589,                   16.204,                    1.888,
solution 431,  590,                   16.187,                    1.899,
solution 432,  593,                   16.227,                    1.864,
solution 433,  596,                    2.005,                   10.118,
solution 434,  595,                    2.447,                    9.682,
solution 435,  598,                    1.999,                   10.124,
solution 436,  598,                    2.684,                    9.444,
solution 437,  590,                   16.196,                    1.895,
solution 438,  592,                    8.896,                    5.241,
solution 439,  595,                    2.776,                    9.355,
solution 440,  595,                    2.703,                    9.428,
solution 441,  596,                    2.463,                    9.660,
solution 442,  596,                    2.477,                    9.654,
solution 443,  594,                    3.186,                    8.946,
solution 444,  591,                    3.957,                    8.179,
solution 445,  592,                   16.200,                    1.892,
solution 446,  595,                    2.880,                    9.245,
solution 447,  593,                    2.680,                    9.452,
solution 448,  594,                    2.638,                    9.495,
solution 449,  595,                    2.451,                    9.674,
solution 450,  593,                    2.901,                    9.229,
solution 451,  590,                    3.138,                    8.991,
solution 452,  596,                    2.090,                   10.038,
solution 453,  596,                    2.710,                    9.423,
solution 454,  593,                   16.153,                    1.937,
solution 455,  597,                    2.694,                    9.434,
solution 456,  597,                    2.432,                    9.699,
solution 457,  590,                   16.175,                    1.916,
solution 458,  596,                    2.454,                    9.673,
solution 459,  598,                    1.793,                   10.336,
solution 460,  596,                    2.545,                    9.584,
solution 461,  597,                    3.074,                    9.058,
solution 462,  597,                    3.035,                    9.097,
solution 463,  595,                    3.433,                    8.700,
solution 464,  598,                    2.989,                    9.137,
solution 465,  597,                    2.936,                    9.190,
solution 466,  593,                    2.792,                    9.342,
solution 467,  592,                   16.210,                    1.881,
solution 468,  597,                    2.870,                    9.261,
solution 469,  595,                    2.955,                    9.177,
solution 470,  593,                   16.178,                    1.913,
solution 471,  595,                    2.458,                    9.670,
solution 472,  595,                    2.082,                   10.045,
solution 473,  591,                   16.168,                    1.923,
solution 474,  595,                    2.319,                    9.810,
solution 475,  590,                   16.163,                    1.927,
solution 476,  597,                    2.793,                    9.338,
solution 477,  597,                    1.978,                   10.145,
solution 478,  592,                    3.314,                    8.815,
solution 479,  591,                   16.167,                    1.924,
solution 480,  597,                    3.247,                    8.883,
solution 481,  596,                    2.715,                    9.416,
solution 482,  591,                   16.235,                    1.857,
solution 483,  596,                    1.784,                   10.342,
solution 484,  597,                    4.339,                    7.784,
solution 485,  598,                    3.394,                    8.729,
solution 486,  596,                    3.537,                    8.596,
solution 487,  595,                    2.978,                    9.156,
solution 488,  597,                    2.849,                    9.277,
solution 489,  592,                   16.284,                    1.805,
solution 490,  598,                    2.471,                    9.659,
solution 491,  596,                    3.007,                    9.126,
solution 492,  591,                    9.136,                    5.006,
solution 493,  594,                    2.130,                    9.997,
solution 494,  595,                    2.860,                    9.269,
solution 495,  595,                    8.854,                    5.283,
solution 496,  590,                    8.013,                    5.362,
solution 497,  596,                    1.984,                   10.142,
solution 498,  594,                    2.502,                    9.625,
solution 499,  593,                    2.422,                    9.706,
solution 500,  597,                    2.532,                    9.597,
solution 501,  594,                    2.678,                    9.456,
solution 502,  595,                    2.925,                    9.208,
solution 503,  592,                   16.158,                    1.932,
solution 504,  597,                    1.948,                   10.177,
solution 505,  594,                    2.668,                    9.464,
solution 506,  589,                   16.141,                    1.951,
solution 507,  595,                    2.083,                   10.044,
solution 508,  596,                    2.645,                    9.487,
solution 509,  596,                    2.264,                    9.863,
solution 510,  596,                    2.510,                    9.617,
solution 511,  595,                    2.960,                    9.172,
solution 512,  594,                    2.428,                    9.700,
solution 513,  595,                    2.266,                    9.861,
solution 514,  590,                   16.122,                    1.969,
solution 515,  594,                    2.983,                    9.153,
solution 516,  594,                    3.032,                    9.102,
solution 517,  595,                    3.183,                    8.951,
solution 518,  591,                    9.896,                    4.566,
solution 519,  593,                   16.202,                    1.889,
solution 520,  594,                    3.392,                    8.742,
solution 521,  595,                    1.975,                   10.151,
solution 522,  593,                    3.546,                    8.586,
solution 523,  596,                    3.331,                    8.799,
solution 524,  593,                    2.921,                    9.215,
solution 525,  597,                    2.544,                    9.588,
solution 526,  596,                    2.599,                    9.530,
solution 527,  594,                    3.462,                    8.672,
solution 528,  596,                    3.017,                    9.111,
solution 529,  596,                    3.468,                    8.664,
solution 530,  594,                    3.351,                    8.784,
solution 531,  596,                    1.952,                   10.170,
solution 532,  595,                    3.220,                    8.912,
solution 533,  596,                    3.414,                    8.721,
solution 534,  597,                    3.001,                    9.130,
solution 535,  593,                    2.649,                    9.479,
solution 536,  597,                    2.492,                    9.639,
solution 537,  591,                   16.164,                    1.925,
solution 538,  592,                    7.160,                    5.666,
solution 539,  594,                    2.891,                    9.244,
solution 540,  594,                    3.310,                    8.820,
solution 541,  591,                   16.157,                    1.935,
solution 542,  594,                    3.057,                    9.078,
solution 543,  595,                    3.114,                    9.019,
solution 544,  596,                    3.526,                    8.605,
solution 545,  594,                    3.480,                    8.655,
solution 546,  595,                    2.765,                    9.365,
solution 547,  594,                    3.224,                    8.910,
solution 548,  593,                    2.779,                    9.354,
solution 549,  595,                    2.814,                    9.315,
solution 550,  594,                    3.679,                    8.453,
solution 551,  594,                    3.577,                    8.556,
solution 552,  596,                    2.081,                   10.051,
solution 553,  595,                    2.741,                    9.387,
solution 554,  594,                    3.763,                    8.368,
solution 555,  595,                    4.018,                    8.113,
solution 556,  595,                    2.547,                    9.583,
solution 557,  593,                    2.748,                    9.385,
solution 558,  594,                    2.797,                    9.335,
solution 559,  594,                    3.033,                    9.100,
solution 560,  594,                    2.543,                    9.589,
solution 561,  597,                    1.961,                   10.168,
solution 562,  595,                    3.271,                    8.862,
solution 563,  594,                    2.664,                    9.469,
solution 564,  595,                    2.529,                    9.603,
solution 565,  594,                    2.683,                    9.447,
solution 566,  595,                    2.489,                    9.641,
solution 567,  595,                    2.986,                    9.145,
solution 568,  595,                    3.255,                    8.877,
solution 569,  596,                    2.263,                    9.866,
solution 570,  593,                    3.197,                    8.939,
solution 571,  594,                    3.388,                    8.746,
solution 572,  594,                    2.859,                    9.276,
solution 573,  594,                    3.719,                    8.416,
solution 574,  595,                    2.961,                    9.172,
solution 575,  596,                    3.755,                    8.375,
solution 576,  594,                    3.077,                    9.056,
solution 577,  597,                    1.791,                   10.336,
solution 578,  595,                    2.988,                    9.142,
solution 579,  593,                    2.707,                    9.427,
solution 580,  593,                    2.809,                    9.324,
solution 581,  594,                    3.264,                    8.869,
solution 582,  595,                    2.077,                   10.053,
solution 583,  588,                    9.690,                    4.887,
solution 584,  592,                    3.442,                    8.691,
solution 585,  596,                    2.536,                    9.593,
solution 586,  590,                    7.849,                    5.472,
solution 587,  594,                    2.866,                    9.265,
solution 588,  595,                    2.975,                    9.158,
solution 589,  594,                    3.218,                    8.912,
solution 590,  595,                    2.647,                    9.484,
solution 591,  594,                    4.015,                    8.118,
solution 592,  592,                    8.920,                    5.220,
solution 593,  595,                    3.154,                    8.981,
solution 594,  596,                    3.141,                    8.990,
solution 595,  596,                    2.497,                    9.633,
solution 596,  595,                    3.106,                    9.026,
solution 597,  593,                    3.253,                    8.880,
solution 598,  594,                    2.775,                    9.358,
solution 599,  594,                    2.666,                    9.464,
solution 600,  592,                    2.761,                    9.372,
solution 601,  595,                    2.900,                    9.233,
solution 602,  595,                    2.968,                    9.162,
solution 603,  586,                   14.387,                    2.343,
solution 604,  586,                   13.942,                    2.805,
solution 605,  586,                   15.013,                    1.972,
solution 606,  586,                   14.349,                    2.415,
solution 607,  590,                   14.330,                    2.421,
solution 608,  585,                   14.215,                    2.495,
solution 609,  584,                   14.696,                    2.091,
solution 610,  587,                   14.688,                    2.128,
solution 611,  586,                   14.833,                    2.043,
solution 612,  585,                   14.862,                    2.039,
solution 613,  587,                   14.686,                    2.129,
solution 614,  587,                   14.446,                    2.252,
solution 615,  584,                   14.370,                    2.391,
solution 616,  588,                   13.968,                    2.745,
solution 617,  588,                   14.752,                    2.064,
solution 618,  588,                   14.678,                    2.137,
solution 619,  586,                   14.372,                    2.346,
solution 620,  587,                   14.745,                    2.067,
solution 621,  584,                   14.138,                    2.609,
solution 622,  585,                   14.685,                    2.130,
solution 623,  585,                   14.867,                    2.039,
solution 624,  585,                   13.886,                    2.823,
solution 625,  587,                   14.738,                    2.087,
solution 626,  588,                   14.731,                    2.088,
solution 627,  588,                   14.683,                    2.134,
solution 628,  589,                   14.005,                    2.684,
solution 629,  584,                   14.356,                    2.407,
solution 630,  584,                   14.325,                    2.429,
solution 631,  586,                   14.281,                    2.436,
solution 632,  588,                   14.595,                    2.137,
solution 633,  588,                   14.774,                    2.044,
solution 634,  585,                   14.871,                    2.032,
solution 635,  588,                   14.229,                    2.473,
solution 636,  588,                   13.953,                    2.794,
solution 637,  588,                   14.037,                    2.634,
solution 638,  584,                   14.300,                    2.431,
solution 639,  586,                   14.153,                    2.564,
solution 640,  584,                   14.594,                    2.220,
solution 641,  587,                   14.924,                    1.975,
solution 642,  585,                   14.907,                    2.000,
solution 643,  586,                   14.883,                    2.018,
solution 644,  588,                   14.770,                    2.051,
solution 645,  588,                   14.882,                    2.021,
solution 646,  586,                   14.277,                    2.460,
solution 647,  587,                   14.168,                    2.545,
solution 648,  588,                   14.690,                    2.124,
solution 649,  590,                   14.543,                    2.221,
solution 650,  587,                   10.803,                    4.516,
solution 651,  592,                   12.905,                    2.830,
solution 652,  589,                   12.372,                    3.203,
solution 653,  594,                   11.103,                    4.242,
solution 654,  591,                   11.594,                    3.827,
solution 655,  593,                   11.154,                    4.178,
solution 656,  591,                   12.181,                    3.370,
solution 657,  595,                   11.150,                    4.219,
solution 658,  595,                   11.609,                    3.787,
solution 659,  593,                   10.967,                    4.300,
solution 660,  592,                   12.764,                    2.886,
solution 661,  592,                   11.504,                    3.917,
solution 662,  592,                   10.819,                    4.463,
solution 663,  593,                   12.584,                    3.065,
solution 664,  589,                   12.660,                    2.984,
solution 665,  593,                   11.375,                    4.071,
solution 666,  596,                   12.213,                    3.331,
solution 667,  595,                   10.875,                    4.462,
solution 668,  588,                   12.171,                    3.381,
solution 669,  595,                   10.948,                    4.359,
solution 670,  591,                   11.975,                    3.563,
solution 671,  587,                   11.397,                    4.021,
solution 672,  593,                   11.627,                    3.761,
solution 673,  594,                   12.324,                    3.232,
solution 674,  590,                   12.667,                    2.983,
solution 675,  590,                   12.470,                    3.168,
solution 676,  592,                   11.955,                    3.576,
solution 677,  592,                   12.575,                    3.072,
solution 678,  594,                   10.954,                    4.302,
solution 679,  592,                   11.110,                    4.236,
solution 680,  602,                    3.517,                    8.619,
solution 681,  590,                   11.481,                    3.969,
solution 682,  591,                   12.695,                    2.950,
solution 683,  592,                   12.612,                    3.030,
solution 684,  589,                   12.681,                    2.968,
solution 685,  592,                   11.246,                    4.105,
solution 686,  592,                   12.483,                    3.137,
solution 687,  591,                   12.818,                    2.837,
solution 688,  591,                   12.112,                    3.465,
solution 689,  593,                   12.533,                    3.117,
solution 690,  585,                   12.598,                    3.062,
solution 691,  594,                   11.306,                    4.077,
solution 692,  591,                   11.695,                    3.727,
solution 693,  587,                   12.544,                    3.095,
solution 694,  594,                   12.554,                    3.087,
solution 695,  591,                   11.765,                    3.676,
solution 696,  592,                   12.257,                    3.312,
solution 697,  598,                    3.834,                    8.306,
solution 698,  592,                   10.924,                    4.455,
solution 699,  594,                   12.007,                    3.555,
solution 700,  589,                   11.525,                    3.895,
solution 701,  595,                   11.077,                    4.260,
solution 702,  588,                   12.611,                    3.034,
solution 703,  589,                   11.810,                    3.647,
solution 704,  589,                   12.637,                    2.994,
solution 705,  595,                   11.451,                    3.989,
solution 706,  589,                   12.285,                    3.238,
solution 707,  593,                   12.041,                    3.487,
solution 708,  599,                    2.785,                    9.350,
solution 709,  590,                   12.739,                    2.923,
solution 710,  597,                    2.690,                    9.443,
solution 711,  599,                    2.706,                    9.427,
solution 712,  593,                   12.558,                    3.080,
solution 713,  593,                   11.418,                    4.019,
solution 714,  592,                   11.561,                    3.876,
solution 715,  593,                   10.944,                    4.418,
solution 716,  588,                   10.983,                    4.288,
solution 717,  590,                   10.754,                    4.525,
solution 718,  594,                   11.487,                    3.964,
solution 719,  590,                   12.016,                    3.534,
solution 720,  589,                   12.115,                    3.407,
solution 721,  590,                   11.852,                    3.587,
solution 722,  592,                    7.972,                    5.430,
solution 723,  599,                    3.481,                    8.655,
solution 724,  590,                   12.064,                    3.475,
solution 725,  590,                   12.528,                    3.127,
solution 726,  599,                    2.823,                    9.310,
solution 727,  588,                   10.935,                    4.436,
solution 728,  593,                   12.459,                    3.186,
solution 729,  599,                    4.309,                    7.828,
solution 730,  588,                   11.772,                    3.672,
solution 731,  597,                    3.420,                    8.717,
solution 732,  589,                   11.197,                    4.118,
solution 733,  592,                   10.917,                    4.459,
solution 734,  594,                   12.149,                    3.395,
solution 735,  590,                   11.741,                    3.711,
solution 736,  589,                   11.293,                    4.103,
solution 737,  597,                    5.577,                    6.595,
solution 738,  597,                    5.581,                    6.593,
solution 739,  598,                    5.692,                    6.479,
solution 740,  593,                    5.983,                    6.351,
solution 741,  598,                    6.391,                    5.876,
solution 742,  598,                    4.482,                    7.661,
solution 743,  596,                    5.777,                    6.397,
solution 744,  597,                    3.700,                    8.442,
solution 745,  596,                    5.653,                    6.494,
solution 746,  599,                    3.703,                    8.436,
solution 747,  597,                    3.233,                    8.906,
solution 748,  596,                    4.765,                    7.380,
solution 749,  597,                    3.013,                    9.125,
solution 750,  595,                    4.036,                    8.108,
solution 751,  601,                    4.467,                    7.678,
solution 752,  597,                    4.717,                    7.437,
solution 753,  597,                    4.987,                    7.174,
solution 754,  601,                    3.499,                    8.642,
solution 755,  599,                    5.591,                    6.551,
solution 756,  595,                    3.732,                    8.410,
solution 757,  597,                    3.086,                    9.052,
solution 758,  594,                    3.643,                    8.500,
solution 759,  596,                    5.061,                    7.083,
solution 760,  594,                    5.181,                    6.979,
solution 761,  597,                    5.038,                    7.112,
solution 762,  597,                    2.879,                    9.259,
solution 763,  597,                    4.433,                    7.708,
solution 764,  600,                    3.617,                    8.521,
solution 765,  599,                    4.531,                    7.609,
solution 766,  601,                    5.737,                    6.404,
solution 767,  598,                    3.122,                    9.017,
solution 768,  597,                    4.156,                    7.983,
solution 769,  599,                    4.772,                    7.367,
solution 770,  596,                    5.555,                    6.599,
solution 771,  595,                    4.081,                    8.063,
solution 772,  599,                    4.107,                    8.032,
solution 773,  597,                    3.534,                    8.604,
solution 774,  601,                    4.069,                    8.069,
solution 775,  599,                    3.149,                    8.988,
solution 776,  599,                    4.534,                    7.604,
solution 777,  598,                    4.562,                    7.575,
solution 778,  601,                    3.575,                    8.562,
solution 779,  600,                    5.635,                    6.505,
solution 780,  597,                    5.968,                    6.355,
solution 781,  599,                    3.055,                    9.083,
solution 782,  600,                    4.412,                    7.727,
solution 783,  602,                    3.866,                    8.271,
solution 784,  597,                    4.544,                    7.600,
solution 785,  598,                    4.898,                    7.242,
solution 786,  600,                    4.804,                    7.335,
solution 787,  600,                    4.490,                    7.656,
solution 788,  600,                    3.776,                    8.362,
solution 789,  598,                    3.792,                    8.348,
solution 790,  601,                    3.590,                    8.548,
solution 791,  601,                    3.688,                    8.450,
solution 792,  599,                    3.124,                    9.014,
solution 793,  600,                    3.544,                    8.595,
solution 794,  599,                    4.220,                    7.917,
solution 795,  598,                    3.651,                    8.486,
solution 796,  598,                    3.073,                    9.065,
solution 797,  600,                    3.194,                    8.943,
solution 798,  597,                    4.397,                    7.741,
solution 799,  599,                    4.136,                    8.002,
solution 800,  600,                    4.942,                    7.195,
solution 801,  601,                    3.886,                    8.251,
solution 802,  601,                    4.164,                    7.975,
solution 803,  600,                    4.328,                    7.811,
solution 804,  598,                    4.356,                    7.782,
solution 805,  601,                    4.208,                    7.930,
solution 806,  599,                    3.060,                    9.078,
solution 807,  594,                    4.055,                    8.085,
solution 808,  597,                    3.689,                    8.449,
solution 809,  600,                    3.286,                    8.851,
solution 810,  600,                    3.501,                    8.636,
solution 811,  598,                    3.815,                    8.322,
solution 812,  600,                    3.637,                    8.502,
solution 813,  598,                    4.114,                    8.028,
solution 814,  600,                    3.686,                    8.453,
solution 815,  600,                    3.127,                    9.010,
solution 816,  600,                    3.263,                    8.874,
solution 817,  598,                    3.159,                    8.978,
solution 818,  600,                    2.924,                    9.213,
solution 819,  599,                    4.324,                    7.814,
solution 820,  600,                    3.411,                    8.727,
solution 821,  600,                    3.666,                    8.471,
solution 822,  599,                    3.865,                    8.272,
solution 823,  599,                    3.892,                    8.246,
solution 824,  599,                    3.977,                    8.161,
solution 825,  600,                    3.724,                    8.413,
solution 826,  600,                    4.179,                    7.958,
solution 827,  601,                    3.228,                    8.909,
solution 828,  599,                    4.615,                    7.523,
solution 829,  597,                    3.329,                    8.808,
solution 830,  598,                    2.790,                    9.348,
solution 831,  599,                    3.090,                    9.047,
solution 832,  600,                    3.816,                    8.321,
solution 833,  599,                    2.791,                    9.347,
solution 834,  600,                    4.629,                    7.508,
solution 835,  600,                    4.408,                    7.731,
solution 836,  600,                    3.422,                    8.716,
solution 837,  600,                    2.984,                    9.153,
solution 838,  600,                    4.049,                    8.088,
solution 839,  599,                    3.195,                    8.942,
solution 840,  598,                    3.347,                    8.791,
solution 841,  599,                    3.891,                    8.246,
solution 842,  598,                    3.439,                    8.698,
solution 843,  598,                    2.754,                    9.383,
solution 844,  595,                    4.504,                    7.638,
solution 845,  599,                    3.812,                    8.326,
solution 846,  598,                    3.304,                    8.833,
solution 847,  599,                    3.712,                    8.425,
solution 848,  602,                    3.831,                    8.306,
solution 849,  596,                    7.332,                    5.568,
solution 850,  599,                    3.262,                    8.876,
solution 851,  598,                    4.188,                    7.950,
solution 852,  600,                    3.523,                    8.614,
solution 853,  599,                    2.753,                    9.384,
solution 854,  597,                    6.514,                    5.756,
solution 855,  600,                    4.139,                    7.998,
solution 856,  599,                    4.026,                    8.111,
solution 857,  601,                    3.660,                    8.477,
solution 858,  599,                    3.615,                    8.522,
solution 859,  599,                    4.475,                    7.662,
solution 860,  598,                    3.125,                    9.013,
solution 861,  600,                    4.274,                    7.865,
solution 862,  599,                    4.963,                    7.174,
solution 863,  600,                    5.503,                    6.646,
solution 864,  597,                    3.835,                    8.305,
solution 865,  598,                    3.954,                    8.183,
solution 866,  596,                    5.984,                    6.307,
solution 867,  597,                    4.645,                    7.493,
solution 868,  600,                    4.060,                    8.079,
solution 869,  600,                    3.740,                    8.398,
solution 870,  602,                    3.279,                    8.858,
solution 871,  597,                    4.213,                    7.926,
solution 872,  599,                    5.280,                    6.887,
solution 873,  598,                    4.092,                    8.047,
solution 874,  602,                    4.331,                    7.806,
solution 875,  600,                    3.607,                    8.530,
solution 876,  598,                    2.740,                    9.397,
solution 877,  598,                    6.439,                    5.815,
solution 878,  598,                    3.412,                    8.726,
solution 879,  602,                    4.233,                    7.904,
solution 880,  600,                    3.663,                    8.474,
solution 881,  598,                    3.425,                    8.713,
solution 882,  600,                    4.258,                    7.879,
solution 883,  600,                    3.674,                    8.463,
solution 884,  599,                    5.867,                    6.373,
solution 885,  600,                    3.753,                    8.385,
solution 886,  600,                    3.737,                    8.401,
solution 887,  600,                    3.711,                    8.426,
solution 888,  599,                    2.982,                    9.156,
solution 889,  600,                    4.429,                    7.708,
solution 890,  599,                    3.408,                    8.729,
solution 891,  599,                    4.840,                    7.309,
solution 892,  599,                    3.963,                    8.175,
solution 893,  599,                    2.738,                    9.399,
solution 894,  600,                    4.736,                    7.403,
solution 895,  600,                    4.603,                    7.534,
solution 896,  600,                    4.028,                    8.109,
solution 897,  598,                    3.452,                    8.686,
solution 898,  601,                    3.693,                    8.445,
solution 899,  599,                    3.148,                    8.990,
solution 900,  599,                    3.609,                    8.528,
solution 901,  599,                    3.560,                    8.577,
solution 902,  602,                    4.199,                    7.938,
solution 903,  599,                    3.786,                    8.351,
solution 904,  597,                    4.289,                    7.859,
solution 905,  599,                    3.738,                    8.399,
solution 906,  600,                    5.408,                    6.730,
solution 907,  598,                    3.494,                    8.643,
solution 908,  600,                    3.234,                    8.903,
solution 909,  599,                    3.196,                    8.942,
solution 910,  600,                    3.112,                    9.025,
solution 911,  599,                    3.356,                    8.781,
solution 912,  597,                    3.326,                    8.812,
solution 913,  599,                    3.305,                    8.832,
solution 914,  601,                    4.272,                    7.865,
solution 915,  599,                    3.820,                    8.317,
solution 916,  601,                    3.447,                    8.690,
solution 917,  598,                    3.296,                    8.842,
solution 918,  598,                    5.130,                    7.019,
solution 919,  599,                    3.801,                    8.336,
solution 920,  600,                    4.187,                    7.950,
solution 921,  597,                    3.690,                    8.447,
solution 922,  600,                    2.772,                    9.365,
solution 923,  602,                    3.911,                    8.227,
solution 924,  601,                    3.584,                    8.553,
solution 925,  598,                    3.898,                    8.240,
solution 926,  600,                    3.645,                    8.493,
solution 927,  599,                    2.876,                    9.261,
solution 928,  600,                    4.110,                    8.028,
solution 929,  599,                    4.650,                    7.487,
solution 930,  600,                    3.611,                    8.526,
solution 931,  598,                    3.134,                    9.003,
solution 932,  601,                    3.942,                    8.196,
solution 933,  599,                    4.749,                    7.388,
solution 934,  599,                    4.568,                    7.571,
solution 935,  600,                    4.388,                    7.750,
solution 936,  598,                    3.565,                    8.572,
solution 937,  599,                    4.577,                    7.561,
solution 938,  599,                    2.922,                    9.215,
solution 939,  596,                    5.211,                    6.956,
solution 940,  598,                    3.961,                    8.176,
solution 941,  601,                    3.669,                    8.468,
solution 942,  600,                    4.596,                    7.554,
solution 943,  598,                    5.787,                    6.375,
solution 944,  599,                    4.521,                    7.617,
solution 945,  598,                    4.528,                    7.610,
solution 946,  599,                    3.713,                    8.425,
solution 947,  598,                    3.532,                    8.605,
solution 948,  599,                    3.520,                    8.617,
solution 949,  599,                    3.701,                    8.436,
solution 950,  599,                    4.169,                    7.968,
solution 951,  600,                    3.300,                    8.838,
solution 952,  599,                    4.037,                    8.100,
solution 953,  602,                    3.572,                    8.565,
solution 954,  598,                    3.450,                    8.688,
solution 955,  598,                    2.773,                    9.364,
solution 956,  600,                    3.163,                    8.974,
solution 957,  599,                    4.422,                    7.715,
solution 958,  600,                    3.635,                    8.502,
solution 959,  599,                    3.095,                    9.042,
solution 960,  598,                    3.285,                    8.852,
solution 961,  600,                    3.936,                    8.201,
solution 962,  600,                    5.217,                    6.933,
solution 963,  598,                    5.035,                    7.129,
solution 964,  599,                    3.847,                    8.291,
solution 965,  601,                    4.924,                    7.213,
solution 966,  601,                    4.665,                    7.484,
solution 967,  602,                    4.554,                    7.583,
solution 968,  598,                    3.432,                    8.705,
solution 969,  600,                    3.261,                    8.876,
solution 970,  599,                    3.451,                    8.686,
solution 971,  597,                    2.914,                    9.223,
solution 972,  600,                    3.873,                    8.264,
solution 973,  598,                    3.489,                    8.648,
solution 974,  599,                    3.120,                    9.018,
solution 975,  598,                    3.774,                    8.364,
solution 976,  600,                    2.923,                    9.214,
solution 977,  600,                    3.129,                    9.008,
solution 978,  600,                    3.137,                    9.001,
solution 979,  598,                    5.520,                    6.629,
solution 980,  600,                    4.045,                    8.092,
solution 981,  597,                    5.301,                    6.874,
solution 982,  600,                    3.858,                    8.279,
solution 983,  598,                    5.085,                    7.063,
solution 984,  600,                    3.633,                    8.505,
solution 985,  601,                    2.752,                    9.385,
solution 986,  601,                    4.301,                    7.837,
solution 987,  599,                    4.373,                    7.765,
solution 988,  596,                    4.135,                    8.002,
solution 989,  600,                    3.569,                    8.568,
solution 990,  602,                    3.276,                    8.861,
solution 991,  600,                    6.156,                    6.004,
solution 992,  601,                    3.975,                    8.162,
solution 993,  598,                    3.289,                    8.848,
solution 994,  600,                    4.932,                    7.205,
solution 995,  598,                    3.925,                    8.212,
solution 996,  599,                    3.691,                    8.446,
solution 997,  598,                    3.423,                    8.714,
solution 998,  599,                    4.131,                    8.006,
solution 999,  598,                    3.941,                    8.196,
solution1000,  599,                    4.788,                    7.364,
solution1001,  598,                    3.999,                    8.150,
solution1002,  598,                    3.094,                    9.043,
solution1003,  600,                    3.920,                    8.217,
solution1004,  601,                    3.298,                    8.839,
solution1005,  598,                    4.468,                    7.669,
solution1006,  599,                    3.418,                    8.719,
solution1007,  599,                    4.699,                    7.438,
solution1008,  600,                    3.054,                    9.083,
solution1009,  601,                    4.109,                    8.028,
solution1010,  600,                    4.427,                    7.710,
solution1011,  598,                    3.545,                    8.593,
solution1012,  600,                    3.131,                    9.006,
solution1013,  599,                    4.236,                    7.901,
solution1014,  599,                    4.299,                    7.838,
solution1015,  602,                    3.330,                    8.807,
solution1016,  601,                    6.357,                    5.895,
solution1017,  602,                    4.741,                    7.396,
solution1018,  599,                    3.297,                    8.840,
solution1019,  602,                    3.840,                    8.298,
solution1020,  599,                    3.799,                    8.338,
solution1021,  599,                    3.614,                    8.524,
solution1022,  601,                    4.248,                    7.890,
solution1023,  600,                    3.303,                    8.835,
solution1024,  601,                    3.044,                    9.093,
solution1025,  599,                    4.275,                    7.862,
solution1026,  600,                    3.150,                    8.987,
solution1027,  600,                    5.312,                    6.852,
solution1028,  599,                    3.085,                    9.052,
solution1029,  600,                    3.344,                    8.793,
solution1030,  601,                    3.558,                    8.579,
solution1031,  601,                    3.997,                    8.152,
solution1032,  599,                    3.281,                    8.856,
solution1033,  602,                    3.826,                    8.311,
solution1034,  600,                    4.323,                    7.828,
solution1035,  600,                    4.648,                    7.490,
solution1036,  598,                    3.706,                    8.431,
solution1037,  600,                    3.846,                    8.291,
solution1038,  601,                    3.302,                    8.835,
solution1039,  601,                    3.521,                    8.616,
solution1040,  602,                    3.802,                    8.336,
solution1041,  601,                    3.576,                    8.561,
solution1042,  601,                    4.384,                    7.753,
solution1043,  602,                    3.343,                    8.794,
solution1044,  599,                    3.350,                    8.788,
solution1045,  600,                    3.161,                    8.976,
solution1046,  600,                    3.943,                    8.195,
solution1047,  600,                    4.153,                    7.984,
solution1048,  601,                    4.668,                    7.469,
solution1049,  601,                    3.775,                    8.362,
solution1050,  602,                    3.000,                    9.137,
solution1051,  602,                    4.387,                    7.750,
solution1052,  599,                    3.950,                    8.187,
solution1053,  600,                    4.474,                    7.664,
solution1054,  602,                    4.146,                    7.991,
solution1055,  601,                    3.567,                    8.570,
solution1056,  598,                    4.090,                    8.060,
solution1057,  601,                    3.495,                    8.643,
solution1058,  599,                    3.437,                    8.700,
solution1059,  600,                    4.365,                    7.772,
solution1060,  601,                    4.938,                    7.200,
solution1061,  599,                    5.258,                    6.905,
solution1062,  600,                    3.670,                    8.468,
solution1063,  601,                    4.215,                    7.922,
solution1064,  600,                    3.504,                    8.633,
solution1065,  602,                    3.659,                    8.478,
solution1066,  600,                    3.884,                    8.253,
solution1067,  600,                    3.227,                    8.910,
solution1068,  600,                    4.884,                    7.254,
solution1069,  599,                    6.024,                    6.290,
solution1070,  600,                    3.136,                    9.001,
solution1071,  600,                    3.093,                    9.044,
solution1072,  600,                    6.040,                    6.204,
solution1073,  601,                    3.985,                    8.152,
solution1074,  602,                    4.291,                    7.846,
solution1075,  600,                    4.445,                    7.693,
solution1076,  601,                    3.964,                    8.173,
solution1077,  598,                    3.597,                    8.540,
solution1078,  600,                    4.142,                    7.995,
solution1079,  601,                    3.655,                    8.482,
solution1080,  598,                    6.765,                    5.726,
solution1081,  601,                    3.284,                    8.853,
solution1082,  601,                    4.409,                    7.729,
solution1083,  602,                    3.493,                    8.645,
solution1084,  601,                    3.288,                    8.850,
solution1085,  601,                    3.307,                    8.831,
solution1086,  601,                    3.486,                    8.652,
solution1087,  600,                    3.586,                    8.551,
solution1088,  599,                    5.125,                    7.038,
solution1089,  602,                    4.000,                    8.137,
solution1090,  602,                    3.536,                    8.601,
solution1091,  600,                    3.082,                    9.056,
solution1092,  601,                    4.393,                    7.744,
solution1093,  601,                    3.662,                    8.475,
solution1094,  601,                    4.003,                    8.134,
solution1095,  601,                    3.872,                    8.265,
solution1096,  602,                    3.704,                    8.434,
solution1097,  601,                    3.275,                    8.862,
solution1098,  600,                    3.354,                    8.784,
solution1099,  600,                    3.907,                    8.231,
solution1100,  599,                    3.119,                    9.019,
solution1101,  601,                    3.773,                    8.364,
solution1102,  601,                    3.456,                    8.681,
solution1103,  600,                    3.923,                    8.215,
solution1104,  600,                    4.950,                    7.187,
solution1105,  600,                    6.350,                    5.906,
solution1106,  600,                    4.355,                    7.782,
solution1107,  601,                    4.330,                    7.808,
solution1108,  599,                    3.784,                    8.353,
solution1109,  600,                    6.071,                    6.089,
solution1110,  601,                    3.934,                    8.203,
solution1111,  600,                    6.035,                    6.217,
solution1112,  601,                    3.744,                    8.394,
solution1113,  598,                    3.980,                    8.157,
solution1114,  600,                    4.613,                    7.524,
solution1115,  600,                    4.176,                    7.962,
solution1116,  602,                    3.308,                    8.830,
solution1117,  600,                    3.857,                    8.280,
solution1118,  599,                    3.727,                    8.410,
solution1119,  599,                    5.024,                    7.133,
solution1120,  600,                    2.774,                    9.363,
solution1121,  601,                    3.721,                    8.416,
solution1122,  601,                    4.954,                    7.183,
solution1123,  600,                    3.692,                    8.446,
solution1124,  602,                    4.336,                    7.801,
solution1125,  600,                    5.392,                    6.745,
solution1126,  601,                    4.047,                    8.090,
solution1127,  601,                    4.251,                    7.887,
solution1128,  601,                    2.787,                    9.350,
solution1129,  601,                    4.377,                    7.760,
solution1130,  600,                    3.644,                    8.493,
solution1131,  601,                    3.514,                    8.623,
solution1132,  600,                    3.132,                    9.006,
solution1133,  600,                    4.061,                    8.077,
solution1134,  599,                    5.191,                    6.958,
solution1135,  600,                    3.045,                    9.092,
solution1136,  601,                    3.488,                    8.650,
solution1137,  601,                    3.342,                    8.795,
solution1138,  599,                    2.915,                    9.222,
solution1139,  601,                    3.429,                    8.708,
solution1140,  600,                    3.294,                    8.843,
solution1141,  600,                    3.856,                    8.281,
solution1142,  600,                    3.123,                    9.014,
solution1143,  600,                    4.129,                    8.008,
solution1144,  602,                    2.981,                    9.156,
solution1145,  601,                    3.113,                    9.025,
solution1146,  598,                    3.871,                    8.266,
solution1147,  600,                    5.149,                    6.988,
solution1148,  600,                    2.967,                    9.170,
solution1149,  599,                    3.081,                    9.056,
solution1150,  598,                    4.834,                    7.316,
solution1151,  596,                    7.410,                    5.493,
solution1152,  600,                    2.789,                    9.348,
solution1153,  600,                    3.677,                    8.460,
solution1154,  600,                    4.303,                    7.835,
solution1155,  600,                    3.430,                    8.708,
solution1156,  600,                    5.010,                    7.154,
solution1157,  601,                    3.955,                    8.182,
solution1158,  601,                    3.715,                    8.422,
solution1159,  601,                    4.581,                    7.556,
solution1160,  600,                    4.239,                    7.898,
solution1161,  601,                    2.755,                    9.383,
solution1162,  602,                    4.367,                    7.770,
solution1163,  600,                    5.343,                    6.794,
solution1164,  601,                    5.315,                    6.822,
solution1165,  599,                    3.705,                    8.432,
solution1166,  600,                    3.056,                    9.081,
solution1167,  602,                    4.628,                    7.509,
solution1168,  600,                    4.217,                    7.921,
solution1169,  599,                    4.597,                    7.553,
solution1170,  601,                    5.089,                    7.048,
solution1171,  600,                    5.462,                    6.705,
solution1172,  601,                    3.340,                    8.797,
solution1173,  599,                    4.883,                    7.278,
solution1174,  601,                    3.608,                    8.529,
solution1175,  599,                    4.466,                    7.683,
solution1176,  600,                    3.581,                    8.556,
solution1177,  600,                    3.292,                    8.846,
solution1178,  599,                    2.893,                    9.244,
